entity,year,item,value_meur,source,page,note
ASF-Escota,2023,revenue,4585.0,S-08,27,"Chiffre d'affaires hors travaux des sociétés concessionnaires (comptes consolidés groupe ASF, IFRS)"
ASF-Escota,2023,ancillary_income,63.9,S-08,27,"Produits des activités annexes"
ASF-Escota,2023,construction_revenue,394.0,S-08,27,"Chiffre d'affaires travaux des sociétés concessionnaires (IFRIC 12, sans marge)"
ASF-Escota,2023,purchases,53.4,S-08,27,"Achats consommés"
ASF-Escota,2023,external_services,317.2,S-08,27,"Services extérieurs"
ASF-Escota,2023,subcontracting_incl_construction,423.6,S-08,27,"Sous-traitance, y compris charges de construction des sociétés concessionnaires"
ASF-Escota,2023,taxes,545.7,S-08,27,"Impôts et taxes (TAT, redevance domaniale, CET et autres, non détaillés)"
ASF-Escota,2023,personnel,288.9,S-08,27,"Charges de personnel"
ASF-Escota,2023,other_operating,2.6,S-08,27,"Autres produits et charges opérationnels sur activité (produit net)"
ASF-Escota,2023,depreciation,837.1,S-08,27,"Dotations aux amortissements"
ASF-Escota,2023,depreciation_domain,769.2,S-08,33,"Amortissements de la période des coûts des infrastructures (note 9.1, avant subventions)"
ASF-Escota,2023,provisions,25.7,S-08,27,"Dotations nettes aux provisions"
ASF-Escota,2023,income_tax,591.0,S-08,14,"Impôts sur les bénéfices"
ASF-Escota,2023,net_income,1683.4,S-08,14,"Résultat net"
ASF-Escota,2023,gross_domain,23801.9,S-08,33,"Coûts des infrastructures, valeur brute au 31/12/2023 (note 9.1)"
ASF-Escota,2023,work_in_progress,627.6,S-08,33,"Avances et encours au 31/12/2023"
ASF-Escota,2023,subsidies_gross,470.1,S-08,33,"Subventions d'investissement, valeur brute au 31/12/2023 (en déduction)"
ASF-Escota,2023,accumulated_amortisation,14819.5,S-08,33,"Amortissements cumulés des coûts des infrastructures au 31/12/2023"
ASF-Escota,2023,subsidies_amortised,248.5,S-08,33,"Part amortie des subventions au 31/12/2023"
ASF-Escota,2023,net_domain,9388.4,S-08,16,"Immobilisations incorporelles du domaine concédé, valeur nette au 31/12/2023 (bilan)"
ASF-Escota,2023,tangible_net,364.6,S-08,16,"Immobilisations corporelles, valeur nette au 31/12/2023 (bilan ; inclut les biens d'exploitation du domaine concédé)"
Cofiroute,2023,revenue,1602.2,S-09,40,"Chiffre d'affaires d'exploitation (comptes individuels IFRS)"
Cofiroute,2023,ancillary_income,3.5,S-09,40,"Produits des activités annexes"
Cofiroute,2023,construction_revenue,162.2,S-09,40,"Chiffre d'affaires - construction de nouvelles infrastructures en concession"
Cofiroute,2023,purchases,23.2,S-09,40,"Achats consommés"
Cofiroute,2023,external_services,89.6,S-09,40,"Services extérieurs"
Cofiroute,2023,subcontracting_incl_construction,162.2,S-09,40,"Charges de construction des sociétés concessionnaires (pas d'autre sous-traitance isolée)"
Cofiroute,2023,taxes,170.8,S-09,40,"Impôt et taxes (non détaillés)"
Cofiroute,2023,personnel,97.3,S-09,40,"Charges de personnel"
Cofiroute,2023,other_operating,0.0,S-09,40,"Autres produits et charges opérationnels"
Cofiroute,2023,depreciation,276.4,S-09,40,"Dotations aux amortissements"
Cofiroute,2023,depreciation_domain,242.4,S-09,44,"Amortissements de la période des coûts des infrastructures en service (note 9.1)"
Cofiroute,2023,provisions,-1.5,S-09,40,"Dotations nettes aux provisions : reprise nette de 1,5 (produit)"
Cofiroute,2023,gross_domain,8796.0,S-09,44,"Coût des infrastructures en service, valeur brute au 31/12/2023 (subventions déjà déduites, note D)"
Cofiroute,2023,work_in_progress,421.0,S-09,44,"Avances et encours au 31/12/2023"
Cofiroute,2023,subsidies_gross,0.0,S-09,44,"Subventions présentées en diminution de l'actif (montant non isolé dans la note)"
Cofiroute,2023,accumulated_amortisation,4809.3,S-09,44,"Amortissements cumulés au 31/12/2023"
Cofiroute,2023,subsidies_amortised,0.0,S-09,44,"Sans objet (subventions nettées à l'actif)"
Cofiroute,2023,net_domain,4407.7,S-09,30,"Immobilisations incorporelles du domaine concédé, valeur nette au 31/12/2023 (bilan)"
Cofiroute,2023,tangible_net,180.4,S-09,30,"Immobilisations corporelles liées aux contrats de concession, valeur nette au 31/12/2023"
APRR-Area,2023,revenue,3018.7,S-10,5,"Chiffre d'affaires lié à l'exploitation de l'infrastructure (comptes consolidés APRR 2024, colonne 31/12/2023)"
APRR-Area,2023,ancillary_income,0.0,S-10,5,"Pas de ligne distincte (inclus dans le chiffre d'affaires)"
APRR-Area,2023,construction_revenue,230.5,S-10,5,"Chiffre d'affaires pour la construction des infrastructures en concession"
APRR-Area,2023,purchases,0.0,S-10,33,"Inclus dans achats et charges externes"
APRR-Area,2023,external_services,199.7,S-10,33,"Achats et charges externes 430,2 moins prestations de construction IFRIC 12 230,5"
APRR-Area,2023,subcontracting_incl_construction,230.5,S-10,33,"Prestations de construction (IFRIC 12)"
APRR-Area,2023,taxes,362.3,S-10,33,"Impôts et taxes (note 18)"
APRR-Area,2023,specific_levies,309.0,S-10,33,"TAT 190,7 + redevance domaniale 100,0 + contribution AFITF 18,3 (TEITLD 0 en 2023 ; CET 43,7 exclue)"
APRR-Area,2023,personnel,226.6,S-10,33,"Charges de personnel"
APRR-Area,2023,other_operating,11.0,S-10,5,"Autres produits et charges d'exploitation (produit net)"
APRR-Area,2023,depreciation,564.0,S-10,34,"Dotations aux amortissements (note 19)"
APRR-Area,2023,depreciation_domain,491.2,S-10,21,"Amortissements de l'exercice des immobilisations incorporelles du domaine concédé (note 5, année 2023)"
APRR-Area,2023,provisions,30.0,S-10,5,"Dotations aux provisions nettes des reprises"
APRR-Area,2023,income_tax,384.3,S-10,5,"Impôt sur le résultat"
APRR-Area,2023,net_income,1115.8,S-10,5,"Résultat net de la période"
APRR-Area,2023,gross_domain,16509.1,S-10,21,"Immobilisations incorporelles du domaine concédé, valeur brute au 31/12/2023 (note 5)"
APRR-Area,2023,work_in_progress,0.0,S-10,21,"Non isolé"
APRR-Area,2023,subsidies_gross,0.0,S-10,12,"Subventions reçues du concédant déduites du coût de construction (note 2.3.2), montant non isolé"
APRR-Area,2023,accumulated_amortisation,9749.1,S-10,21,"Amortissements cumulés au 31/12/2023"
APRR-Area,2023,subsidies_amortised,0.0,S-10,12,"Sans objet"
APRR-Area,2023,net_domain,6760.0,S-10,4,"Immobilisations incorporelles du domaine concédé, valeur nette au 31/12/2023 (bilan)"
APRR-Area,2023,tangible_net,217.2,S-10,4,"Immobilisations corporelles, valeur nette au 31/12/2023 (bilan)"
APRR-Area,2024,revenue,3152.5,S-10,5,"Chiffre d'affaires lié à l'exploitation de l'infrastructure, 2024"
APRR-Area,2024,taxes,495.6,S-10,33,"Impôts et taxes 2024"
APRR-Area,2024,specific_levies,444.7,S-10,33,"TAT 196,7 + TEITLD 123,3 + redevance domaniale 106,0 + AFITF 18,7 (2024)"
APRR-Area,2024,teitld,123.3,S-10,33,"Taxe d'exploitation des infrastructures de transport de longue distance, 2024"
Secteur-SCA,2023,revenue,12300.0,S-04,5,"Chiffre d'affaires de l'ensemble des SCA (tableau 3, en Md€ : 12,3)"
Secteur-SCA,2023,toll_revenue,11900.0,S-04,5,"dont recettes de péage"
Secteur-SCA,2023,charges,3200.0,S-04,5,"Charges (charges externes 1,4 ; personnel 0,9 ; impôts et taxes 1,0 ; autres +0,1)"
Secteur-SCA,2023,taxes,1000.0,S-04,5,"dont impôts et taxes"
Secteur-SCA,2023,ebitda,9100.0,S-04,5,"EBITDA"
Secteur-SCA,2023,depreciation,2300.0,S-04,5,"Dotations aux amortissements et provisions"
Secteur-SCA,2023,operating_income,6800.0,S-04,5,"Résultat d'exploitation"
Secteur-SCA,2023,financial_result,-800.0,S-04,5,"Résultat financier"
Secteur-SCA,2023,income_tax,1500.0,S-04,5,"Impôt sur les sociétés"
Secteur-SCA,2023,net_income,4400.0,S-04,5,"Résultat net"
Secteur-SCA,2023,dividends,4100.0,S-04,7,"Dividendes versés (figure 7)"
Secteur-SCA,2023,operating_cash_flow,7000.0,S-04,6,"Flux de trésorerie liés à l'activité (figure 5)"
Secteur-SCA,2023,capex,1400.0,S-04,6,"Flux de trésorerie liés à l'investissement (figure 5)"
Secteur-SCA,2023,debt_repayment,1400.0,S-04,6,"Remboursement de la dette financière (texte p. 6)"
Secteur-SCA,2024,revenue,12800.0,S-04,5,"Chiffre d'affaires 2024"
Secteur-SCA,2024,toll_revenue,12400.0,S-04,5,"dont recettes de péage"
Secteur-SCA,2024,toll_revenue_historic,11700.0,S-04,5,"Recettes de péage des sociétés historiques (figure 4)"
Secteur-SCA,2024,toll_revenue_recent,700.0,S-04,5,"Recettes de péage des sociétés récentes (figure 4)"
Secteur-SCA,2024,charges,3700.0,S-04,5,"Charges 2024"
Secteur-SCA,2024,taxes,1500.0,S-04,5,"dont impôts et taxes 2024 (TEITLD comprise)"
Secteur-SCA,2024,ebitda,9100.0,S-04,5,"EBITDA 2024"
Secteur-SCA,2024,depreciation,2400.0,S-04,5,"Dotations aux amortissements et provisions 2024"
Secteur-SCA,2024,operating_income,6700.0,S-04,5,"Résultat d'exploitation 2024"
Secteur-SCA,2024,income_tax,1600.0,S-04,5,"Impôt sur les sociétés 2024"
Secteur-SCA,2024,net_income,4300.0,S-04,5,"Résultat net 2024"
Secteur-SCA,2024,dividends,4400.0,S-04,7,"Dividendes versés 2024"
Secteur-SCA,2024,operating_cash_flow,6500.0,S-04,6,"Flux de trésorerie liés à l'activité 2024"
Secteur-SCA,2024,capex,1300.0,S-04,6,"Investissements 2024"
Secteur-SCA,2024,debt_repayment,800.0,S-04,6,"Remboursement de la dette financière 2024"
Secteur-SCA,2024,gross_debt,30500.0,S-04,7,"Dette financière au 31/12/2024, dettes intragroupes comprises"
Secteur-SCA,2024,net_debt,23800.0,S-04,7,"Endettement financier net 2024"
Secteur-SCA,2024,teitld,500.0,S-02,99,"TEITLD due par les sept principales SCA au titre de 2024 (ART, EGC3 p. 99)"
Secteur-sept,2024,revenue_asf_escota,4774.0,S-16,10,"Chiffre d'affaires 2024 ASF / ESCOTA (ASFA, chiffres clés édition 2025)"
Secteur-sept,2024,revenue_aprr_area,3064.6,S-16,10,"Chiffre d'affaires 2024 APRR / AREA"
Secteur-sept,2024,revenue_cofiroute,1657.0,S-16,10,"Chiffre d'affaires 2024 COFIROUTE"
Secteur-sept,2024,revenue_sanef_sapn,2001.5,S-16,10,"Chiffre d'affaires 2024 SANEF / SAPN"
Secteur-sept,2024,revenue_all_sca,12819.2,S-16,10,"Total 2024, toutes SCA (ASFA)"
Vinci-Autoroutes,2023,ropa,3362.0,S-11,8,"Résultat opérationnel sur activité VINCI Autoroutes (53,2 % du CA)"
Vinci-Autoroutes,2023,ropa_share_of_revenue,53.2,S-11,8,"ROPA / chiffre d'affaires, en %"
Vinci-Autoroutes,2023,capital_employed,18300.0,S-11,13,"Capitaux engagés VINCI Autoroutes au 31/12/2023 (comprennent le prix d'acquisition d'ASF)"
Vinci-Energies,2023,ropa,1356.0,S-11,9,"Résultat opérationnel sur activité VINCI Energies (7,0 % du CA)"
Vinci-Energies,2023,ropa_share_of_revenue,7.0,S-11,9,"ROPA / chiffre d'affaires, en %"
Vinci-Energies,2023,capital_employed,4400.0,S-11,13,"Capitaux engagés VINCI Energies au 31/12/2023"
Vinci-Construction,2023,ropa,1260.0,S-11,9,"Résultat opérationnel sur activité VINCI Construction (4,0 % du CA)"
Vinci-Construction,2023,ropa_share_of_revenue,4.0,S-11,9,"ROPA / chiffre d'affaires, en %"
Vinci-Construction,2023,capital_employed,300.0,S-11,13,"Capitaux engagés VINCI Construction au 31/12/2023"
